-- This script only contains the table creation statements and does not fully represent the table in database. It's still missing: indices, triggers. Do not use it as backup.

-- Table Definition
CREATE TABLE "public"."bookings" (
    "id" varchar NOT NULL,
    "id_user" int4 NOT NULL,
    "id_schedule" int4 NOT NULL,
    "total" int4 NOT NULL,
    "created_at" timestamptz,
    "updated_at" timestamptz,
    CONSTRAINT "bookings_id_schedule_fkey" FOREIGN KEY ("id_schedule") REFERENCES "public"."schedules"("id") ON DELETE CASCADE ON UPDATE CASCADE,
    PRIMARY KEY ("id")
);

-- This script only contains the table creation statements and does not fully represent the table in database. It's still missing: indices, triggers. Do not use it as backup.

-- Squences
CREATE SEQUENCE IF NOT EXISTS category_room_id_seq

-- Table Definition
CREATE TABLE "public"."category_rooms" (
    "id" int4 NOT NULL DEFAULT nextval('category_room_id_seq'::regclass),
    "name_cat" varchar NOT NULL
);

-- This script only contains the table creation statements and does not fully represent the table in database. It's still missing: indices, triggers. Do not use it as backup.

-- Squences
CREATE SEQUENCE IF NOT EXISTS cineplex_id_seq

-- Table Definition
CREATE TABLE "public"."cineplexs" (
    "id" int4 NOT NULL DEFAULT nextval('cineplex_id_seq'::regclass),
    "name" varchar NOT NULL,
    "address" varchar
);

-- This script only contains the table creation statements and does not fully represent the table in database. It's still missing: indices, triggers. Do not use it as backup.

-- Squences
CREATE SEQUENCE IF NOT EXISTS movies_id_seq

-- Table Definition
CREATE TABLE "public"."movies" (
    "id" int4 NOT NULL DEFAULT nextval('movies_id_seq'::regclass),
    "name_movie" varchar NOT NULL,
    "slug" varchar NOT NULL,
    "release_date" date,
    "poster" varchar NOT NULL,
    "time" int4,
    "created_at" timestamptz,
    "updated_at" timestamptz
);

-- This script only contains the table creation statements and does not fully represent the table in database. It's still missing: indices, triggers. Do not use it as backup.

-- Squences
CREATE SEQUENCE IF NOT EXISTS movies_cineplex_id_seq

-- Table Definition
CREATE TABLE "public"."movies_cineplexs" (
    "id" int4 NOT NULL DEFAULT nextval('movies_cineplex_id_seq'::regclass),
    "id_movie" int4 NOT NULL,
    "id_cineplex" int4 NOT NULL
);

-- This script only contains the table creation statements and does not fully represent the table in database. It's still missing: indices, triggers. Do not use it as backup.

-- Squences
CREATE SEQUENCE IF NOT EXISTS rooms_id_seq

-- Table Definition
CREATE TABLE "public"."rooms" (
    "id" int4 NOT NULL DEFAULT nextval('rooms_id_seq'::regclass),
    "name_room" varchar NOT NULL,
    "id_cineplex" int4,
    "id_category_room" int4,
    "horizontal_size" int4,
    "vertical_size" varchar
);

-- This script only contains the table creation statements and does not fully represent the table in database. It's still missing: indices, triggers. Do not use it as backup.

-- Squences
CREATE SEQUENCE IF NOT EXISTS schedules_id_seq

-- Table Definition
CREATE TABLE "public"."schedules" (
    "id" int4 NOT NULL DEFAULT nextval('schedules_id_seq'::regclass),
    "id_movie" int4,
    "id_room" int4,
    "id_time" int4,
    "price" int4
);

-- This script only contains the table creation statements and does not fully represent the table in database. It's still missing: indices, triggers. Do not use it as backup.

-- Table Definition
CREATE TABLE "public"."tickets" (
    "id" varchar NOT NULL,
    "id_booking" varchar NOT NULL,
    "seat" varchar,
    "price_ticket" int4 NOT NULL
);

-- This script only contains the table creation statements and does not fully represent the table in database. It's still missing: indices, triggers. Do not use it as backup.

-- Squences
CREATE SEQUENCE IF NOT EXISTS time_id_seq

-- Table Definition
CREATE TABLE "public"."times" (
    "id" int4 NOT NULL DEFAULT nextval('time_id_seq'::regclass),
    "start_point" timestamptz NOT NULL,
    "end_point" timestamptz NOT NULL,
    PRIMARY KEY ("id")
);

-- This script only contains the table creation statements and does not fully represent the table in database. It's still missing: indices, triggers. Do not use it as backup.

-- Squences
CREATE SEQUENCE IF NOT EXISTS users_id_seq

-- Table Definition
CREATE TABLE "public"."users" (
    "id" int4 NOT NULL DEFAULT nextval('users_id_seq'::regclass),
    "email" varchar NOT NULL,
    "password" varchar NOT NULL,
    "name" varchar NOT NULL,
    "phone" varchar NOT NULL,
    "role" int4 NOT NULL,
    "active" varchar,
    "verifyCode" varchar
);



INSERT INTO "public"."category_rooms" ("id", "name_cat") VALUES
(1, '2D');
INSERT INTO "public"."category_rooms" ("id", "name_cat") VALUES
(2, '3D');
INSERT INTO "public"."category_rooms" ("id", "name_cat") VALUES
(3, '4DMAX');

INSERT INTO "public"."cineplexs" ("id", "name", "address") VALUES
(2, 'CGV Hùng Vương Plaza', 'Hồ Chí Minh');
INSERT INTO "public"."cineplexs" ("id", "name", "address") VALUES
(3, 'CGV ViVo city', 'Hồ Chí Minh');
INSERT INTO "public"."cineplexs" ("id", "name", "address") VALUES
(16, 'CGV Hoàng Văn Thụ', 'Hồ Chí Minh');
INSERT INTO "public"."cineplexs" ("id", "name", "address") VALUES
(17, 'CGV Aeon Tân Phú', 'Hồ Chí Minh'),
(18, 'CGV Vincom Đồng Khởi', 'Hồ Chí Minh');

INSERT INTO "public"."movies" ("id", "name_movie", "slug", "release_date", "poster", "time", "created_at", "updated_at") VALUES
(178, 'Hố Địa Ngục', 'ho-dia-nguc', '2021-07-18', 'https://firebasestorage.googleapis.com/v0/b/cinema-app-ea4a7.appspot.com/o/ImageMovie%2Fho_dia_nguc.jpg?alt=media&token=a5cbda30-a4a7-4efd-a812-6576b023d249', 114, '2021-07-15 15:42:40.619+07', '2021-07-15 15:42:40.619+07');
INSERT INTO "public"."movies" ("id", "name_movie", "slug", "release_date", "poster", "time", "created_at", "updated_at") VALUES
(179, 'Đêm Trói Buộc', 'dem-troi-buoc', '2021-07-18', 'https://firebasestorage.googleapis.com/v0/b/cinema-app-ea4a7.appspot.com/o/ImageMovie%2Fdem-troi-buoc.jpg?alt=media&token=12e3ab54-b35d-4bb9-8cf5-c65f7a91cd36', 108, '2021-07-15 15:57:59.784+07', '2021-07-15 15:57:59.784+07');
INSERT INTO "public"."movies" ("id", "name_movie", "slug", "release_date", "poster", "time", "created_at", "updated_at") VALUES
(180, 'Fast & Furious 9', 'fast-&-furious-9', '2021-07-20', 'https://firebasestorage.googleapis.com/v0/b/cinema-app-ea4a7.appspot.com/o/ImageMovie%2Fff9-fast-furious-9-cgv-poster.jpg?alt=media&token=e244feec-fac0-4b51-bade-de9efad1a124', 128, '2021-07-15 15:58:59.885+07', '2021-07-15 15:58:59.885+07');
INSERT INTO "public"."movies" ("id", "name_movie", "slug", "release_date", "poster", "time", "created_at", "updated_at") VALUES
(181, 'IN THE HEIGHTS: Giấc mơ New York', 'in-the-heights:-giac-mo-new-york', '2021-07-22', 'https://firebasestorage.googleapis.com/v0/b/cinema-app-ea4a7.appspot.com/o/ImageMovie%2Fgiac-mo-new-york.jpg?alt=media&token=dc470cea-4330-49a3-be58-cbdf98f1b5a6', NULL, '2021-07-15 16:01:08.888+07', '2021-07-15 16:01:08.888+07'),
(182, 'Vô Diện Sát Nhân', 'vo-dien-sat-nhan', '2021-07-23', 'https://firebasestorage.googleapis.com/v0/b/cinema-app-ea4a7.appspot.com/o/ImageMovie%2Fvo-dien-sat-nhan.jpg?alt=media&token=7a9c08c5-d0fa-4598-a932-6183ab05e061', 122, '2021-07-15 16:02:29.373+07', '2021-07-15 16:02:29.373+07'),
(184, 'Chủng Tộc Bất Tử', 'chung-toc-bat-tu', '2021-10-11', 'https://firebasestorage.googleapis.com/v0/b/cinema-app-ea4a7.appspot.com/o/ImageMovie%2Fchung-toc-bat-tu.jpg?alt=media&token=e79a76f0-18c8-4fa9-8835-aaa30f51fb9a', 122, '2021-07-15 16:04:34.804+07', '2021-07-15 16:04:34.804+07'),
(183, 'Bóng Đè', 'bong-de', '2021-11-20', 'https://firebasestorage.googleapis.com/v0/b/cinema-app-ea4a7.appspot.com/o/ImageMovie%2Fbong-de.jpg?alt=media&token=d40ad444-4ca5-4fd3-8205-75ea10478a63', 113, '2021-07-15 16:03:40.551+07', '2021-07-15 16:03:40.551+07');

INSERT INTO "public"."movies_cineplexs" ("id", "id_movie", "id_cineplex") VALUES
(163, 178, 3);
INSERT INTO "public"."movies_cineplexs" ("id", "id_movie", "id_cineplex") VALUES
(164, 178, 2);
INSERT INTO "public"."movies_cineplexs" ("id", "id_movie", "id_cineplex") VALUES
(165, 178, 17);
INSERT INTO "public"."movies_cineplexs" ("id", "id_movie", "id_cineplex") VALUES
(166, 178, 18),
(167, 178, 16),
(168, 179, 3),
(169, 179, 16),
(170, 179, 2),
(171, 179, 18),
(172, 179, 17),
(173, 180, 2),
(174, 180, 16),
(175, 180, 3),
(176, 180, 17),
(177, 180, 18),
(178, 181, 3),
(179, 181, 2),
(180, 181, 16),
(181, 181, 17),
(182, 181, 18),
(183, 182, 2),
(184, 182, 3),
(185, 182, 16),
(186, 182, 17),
(187, 182, 18),
(188, 183, 2),
(189, 183, 3),
(190, 183, 16),
(191, 183, 17),
(192, 183, 18),
(193, 184, 2),
(194, 184, 3),
(195, 184, 16),
(196, 184, 18),
(197, 184, 17);

INSERT INTO "public"."rooms" ("id", "name_room", "id_cineplex", "id_category_room", "horizontal_size", "vertical_size") VALUES
(83, '1', 3, 2, 5, 'D');
INSERT INTO "public"."rooms" ("id", "name_room", "id_cineplex", "id_category_room", "horizontal_size", "vertical_size") VALUES
(84, '2', 3, 3, 4, 'D');
INSERT INTO "public"."rooms" ("id", "name_room", "id_cineplex", "id_category_room", "horizontal_size", "vertical_size") VALUES
(85, '1', 2, 2, 5, 'D');
INSERT INTO "public"."rooms" ("id", "name_room", "id_cineplex", "id_category_room", "horizontal_size", "vertical_size") VALUES
(86, '2', 2, 3, 5, 'D'),
(87, '1', 16, 1, 9, 'D'),
(88, '2', 16, 2, 9, 'D'),
(89, '1', 17, 2, 9, 'D'),
(90, '2', 17, 2, 9, 'D'),
(91, '1', 18, 2, 9, 'D'),
(92, '2', 18, 3, 9, 'D');

INSERT INTO "public"."schedules" ("id", "id_movie", "id_room", "id_time", "price") VALUES
(274, 178, 85, 318, 45000);
INSERT INTO "public"."schedules" ("id", "id_movie", "id_room", "id_time", "price") VALUES
(275, 178, 85, 319, 45000);
INSERT INTO "public"."schedules" ("id", "id_movie", "id_room", "id_time", "price") VALUES
(276, 178, 85, 320, 45000);
INSERT INTO "public"."schedules" ("id", "id_movie", "id_room", "id_time", "price") VALUES
(277, 179, 86, 321, 45000),
(278, 179, 86, 322, 45000),
(279, 179, 86, 323, 45000),
(280, 178, 83, 324, 45000),
(281, 179, 83, 325, 45000),
(282, 178, 84, 326, 45000),
(283, 179, 84, 327, 45000),
(284, 178, 87, 328, 45000),
(285, 179, 87, 329, 45000),
(286, 178, 87, 330, 45000),
(287, 179, 88, 331, 45000),
(288, 178, 88, 332, 45000),
(289, 179, 88, 333, 45000),
(290, 179, 89, 334, 45000),
(291, 178, 89, 335, 45000),
(292, 179, 89, 336, 45000),
(293, 178, 90, 337, 45),
(294, 179, 90, 338, 45000),
(295, 178, 90, 339, 45000),
(296, 179, 91, 340, 45000),
(297, 179, 91, 341, 45000),
(298, 178, 92, 342, 45000),
(299, 178, 92, 343, 45000),
(300, 178, 85, 344, 45000),
(301, 179, 85, 345, 45000),
(302, 179, 86, 346, 45000),
(303, 178, 86, 347, 45000),
(304, 179, 83, 348, 45000),
(305, 178, 83, 349, 45000),
(306, 178, 84, 350, 45000),
(307, 179, 84, 351, 45000),
(308, 178, 87, 352, 45000),
(309, 179, 87, 353, 45000),
(310, 179, 88, 354, 45000),
(311, 179, 88, 355, 45000),
(312, 178, 89, 356, 45000),
(313, 179, 89, 357, 45000),
(314, 178, 90, 358, 45000),
(315, 179, 90, 359, 45000),
(316, 179, 91, 360, 45000),
(317, 178, 91, 361, 45000),
(318, 178, 92, 362, 45000),
(319, 179, 92, 363, 45000),
(320, 178, 85, 364, 45000),
(321, 179, 85, 365, 45000),
(322, 180, 85, 366, 45000),
(323, 180, 86, 367, 45000),
(324, 179, 86, 368, 45000),
(325, 178, 86, 369, 45000),
(326, 180, 83, 370, 45000),
(327, 179, 83, 371, 45000),
(328, 178, 83, 372, 45000),
(329, 178, 84, 373, 45000),
(330, 179, 84, 374, 45000),
(331, 180, 84, 375, 45000),
(332, 178, 87, 376, 45000),
(333, 179, 87, 377, 45000),
(334, 180, 87, 378, 45000),
(335, 179, 88, 379, 45000),
(336, 178, 88, 380, 45000),
(337, 180, 88, 381, 45000),
(338, 178, 89, 382, 45000),
(339, 179, 89, 383, 45000),
(340, 180, 89, 384, 45000),
(341, 180, 90, 385, 45000),
(342, 179, 90, 386, 45000),
(343, 178, 90, 387, 45000),
(344, 178, 91, 388, 45000),
(345, 179, 91, 389, 45000),
(346, 180, 91, 390, 45000),
(347, 178, 92, 391, 45000),
(348, 179, 92, 392, 45000),
(349, 180, 92, 393, 45000),
(350, 180, 85, 394, 45000),
(351, 179, 85, 395, 45000),
(352, 178, 85, 396, 45000),
(353, 178, 86, 397, 45000),
(354, 179, 85, 398, 45000),
(355, 180, 86, 399, 45000),
(356, 178, 83, 400, 45000),
(357, 179, 83, 401, 45000),
(358, 180, 83, 402, 45000),
(359, 178, 84, 403, 45000),
(360, 179, 84, 404, 45000),
(361, 180, 84, 405, 45000),
(362, 178, 87, 406, 45000),
(363, 179, 87, 407, 45000),
(364, 180, 87, 408, 45000),
(365, 178, 88, 409, 45000),
(366, 179, 88, 410, 45000),
(367, 180, 88, 411, 45000),
(368, 180, 89, 412, 45000),
(369, 179, 89, 413, 45000),
(370, 178, 89, 414, 45000),
(371, 179, 90, 415, 45000),
(372, 178, 90, 416, 45000),
(373, 180, 90, 417, 45000),
(374, 179, 91, 418, 45000),
(375, 178, 91, 419, 45000),
(376, 180, 91, 420, 45000),
(377, 180, 92, 421, 45000),
(378, 179, 92, 422, 45000),
(379, 178, 92, 423, 45000),
(380, 181, 85, 424, 45000),
(381, 180, 85, 425, 45000),
(382, 179, 85, 426, 45000),
(383, 178, 86, 427, 45000),
(384, 179, 86, 428, 45000),
(385, 180, 86, 429, 45000),
(386, 178, 86, 430, 45000),
(387, 179, 83, 431, 45000),
(388, 180, 83, 432, 45000),
(389, 181, 83, 433, 45000),
(390, 178, 83, 434, 45000),
(391, 180, 84, 435, 45000),
(392, 181, 84, 436, 45000),
(393, 178, 84, 437, 45000),
(394, 179, 84, 438, 45000),
(395, 179, 87, 439, 45000),
(396, 180, 87, 440, 45000),
(397, 181, 87, 441, 45000),
(398, 178, 87, 442, 45000),
(399, 178, 88, 443, 45000),
(400, 179, 88, 444, 45000),
(401, 180, 88, 445, 45000),
(402, 181, 88, 446, 45000),
(403, 181, 89, 447, 45000),
(404, 180, 89, 448, 45000),
(405, 179, 89, 449, 45000),
(406, 178, 89, 450, 45000),
(407, 179, 90, 451, 45000),
(408, 180, 90, 452, 45000),
(409, 181, 90, 453, 45000),
(410, 178, 90, 454, 45000),
(411, 181, 91, 455, 45000),
(412, 180, 91, 456, 45000),
(413, 179, 91, 457, 45000),
(414, 178, 91, 458, 45000),
(415, 178, 92, 459, 45000),
(416, 179, 92, 460, 45000),
(417, 180, 92, 461, 45000),
(418, 181, 92, 462, 45000),
(419, 182, 85, 463, 45000),
(420, 181, 85, 464, 45000),
(421, 180, 85, 465, 45000),
(422, 179, 85, 466, 45000),
(423, 178, 86, 467, 45000),
(424, 179, 86, 468, 45000),
(425, 180, 86, 469, 45000),
(426, 182, 86, 470, 45000),
(427, 181, 83, 471, 45000),
(428, 182, 83, 472, 45000),
(429, 178, 83, 473, 45000),
(430, 179, 83, 474, 45000),
(431, 180, 84, 475, 45000),
(432, 181, 84, 476, 45000),
(433, 182, 84, 477, 45000),
(434, 178, 84, 478, 45000),
(435, 178, 87, 479, 45000),
(436, 179, 87, 480, 45000),
(437, 180, 87, 481, 45000),
(438, 181, 87, 482, 45000),
(439, 182, 88, 483, 45000),
(440, 178, 88, 484, 45000),
(441, 179, 88, 485, 45000),
(442, 180, 88, 486, 45000),
(443, 181, 89, 487, 45000),
(444, 182, 89, 488, 45000),
(445, 178, 89, 489, 45000),
(446, 179, 89, 490, 45000),
(447, 181, 90, 491, 45000),
(448, 182, 90, 492, 45000),
(449, 178, 90, 493, 45000),
(450, 179, 90, 494, 45000),
(451, 180, 91, 495, 45000),
(452, 181, 91, 496, 45000),
(453, 181, 91, 497, 45000),
(454, 182, 91, 498, 45000),
(455, 178, 92, 499, 45000),
(456, 179, 92, 500, 45000),
(457, 180, 92, 501, 45000),
(458, 181, 92, 502, 45000),
(459, 181, 85, 503, 45000),
(460, 182, 85, 504, 45000),
(461, 178, 85, 505, 45000),
(462, 179, 85, 506, 45000),
(463, 180, 86, 507, 45000),
(464, 181, 86, 508, 45000),
(465, 182, 86, 509, 45000),
(466, 178, 86, 510, 45000),
(467, 179, 83, 511, 45000),
(468, 180, 83, 512, 45000),
(469, 180, 83, 513, 45000),
(470, 181, 83, 514, 45000),
(471, 182, 83, 515, 45000),
(472, 178, 84, 516, 45000),
(473, 179, 84, 517, 45000),
(474, 180, 84, 518, 45000),
(475, 181, 84, 519, 45000),
(476, 182, 87, 520, 45000),
(477, 178, 87, 521, 45000),
(478, 179, 87, 522, 45000),
(479, 180, 87, 523, 45000),
(480, 181, 88, 524, 45000),
(481, 182, 88, 525, 45000),
(482, 182, 88, 526, 45000),
(483, 178, 88, 527, 45000),
(484, 179, 89, 528, 45000),
(485, 180, 89, 529, 45000),
(486, 181, 89, 530, 45000),
(487, 182, 89, 531, 45000),
(488, 178, 90, 532, 45000),
(489, 179, 90, 533, 45000),
(490, 180, 90, 534, 45000),
(491, 181, 90, 535, 45000),
(492, 182, 91, 536, 45000),
(493, 178, 91, 537, 45000),
(494, 179, 91, 538, 45000),
(495, 181, 91, 539, 45000),
(496, 182, 92, 540, 45000),
(497, 179, 92, 541, 45000),
(498, 179, 92, 542, 45000),
(499, 180, 92, 543, 45000),
(500, 178, 85, 544, 45000),
(501, 179, 85, 545, 45000),
(502, 180, 85, 546, 45000),
(503, 181, 85, 547, 45000),
(504, 182, 86, 548, 45000),
(505, 178, 86, 549, 45000),
(506, 179, 86, 550, 45000),
(507, 180, 86, 551, 45000),
(508, 180, 83, 552, 45000),
(509, 181, 83, 553, 45000),
(510, 182, 83, 554, 45000),
(511, 178, 83, 555, 45000),
(512, 179, 84, 556, 45000),
(513, 180, 84, 557, 45000),
(514, 181, 84, 558, 45000),
(515, 182, 84, 559, 45000),
(516, 178, 87, 560, 45000),
(517, 179, 87, 561, 45000),
(518, 180, 87, 562, 45000),
(519, 181, 87, 563, 45000),
(520, 182, 88, 564, 45000),
(521, 178, 88, 565, 45000),
(522, 179, 88, 566, 45000),
(523, 180, 88, 567, 45000),
(524, 181, 89, 568, 45000),
(525, 182, 89, 569, 45000),
(526, 178, 89, 570, 45000),
(527, 179, 89, 571, 45000),
(528, 181, 90, 572, 45000),
(529, 182, 90, 573, 45000),
(530, 178, 90, 574, 45000),
(531, 179, 91, 575, 45000),
(532, 180, 91, 576, 45000),
(533, 180, 91, 577, 45000),
(534, 181, 91, 578, 45000),
(535, 182, 92, 579, 45000),
(536, 178, 92, 580, 45000),
(537, 179, 92, 581, 45000),
(538, 180, 92, 582, 45000),
(541, 178, 85, 585, 45000),
(542, 179, 85, 586, 45000),
(543, 180, 85, 587, 45000),
(544, 181, 85, 588, 45000),
(545, 182, 86, 589, 45000),
(546, 178, 86, 590, 45000),
(547, 179, 86, 591, 45000),
(548, 180, 86, 592, 45000),
(549, 181, 83, 593, 45000),
(550, 182, 83, 594, 45000),
(551, 179, 83, 595, 45000),
(552, 180, 83, 596, 45000),
(553, 181, 84, 597, 45000),
(554, 182, 84, 598, 45000),
(555, 178, 84, 599, 45000),
(556, 179, 86, 600, 45000),
(557, 180, 87, 601, 45000),
(558, 181, 87, 602, 45000),
(559, 182, 87, 603, 45000),
(560, 182, 87, 604, 45000),
(561, 178, 88, 605, 45000),
(562, 179, 88, 606, 45000),
(563, 180, 88, 607, 45000),
(564, 181, 88, 608, 45000),
(565, 182, 89, 609, 45000),
(566, 178, 89, 610, 45000),
(567, 179, 89, 611, 45000),
(568, 180, 89, 612, 45000),
(569, 181, 90, 613, 45000),
(570, 182, 90, 614, 45000),
(571, 178, 90, 615, 45000),
(572, 179, 90, 616, 45000),
(573, 180, 91, 617, 45000),
(574, 181, 91, 618, 45000),
(575, 182, 91, 619, 45000),
(576, 182, 91, 620, 45000),
(577, 178, 92, 621, 45000),
(578, 179, 92, 622, 45000),
(579, 180, 92, 623, 45000),
(580, 181, 92, 624, 45000),
(581, 178, 85, 625, 45000),
(582, 179, 85, 626, 45000),
(583, 180, 85, 627, 45000),
(584, 181, 85, 628, 45000),
(585, 182, 86, 629, 45000),
(586, 178, 86, 630, 45000),
(587, 179, 86, 631, 45000),
(588, 180, 86, 632, 45000),
(589, 181, 83, 633, 45000),
(590, 182, 83, 634, 45000),
(591, 178, 83, 635, 45000),
(592, 179, 84, 636, 45000),
(593, 180, 84, 637, 45000),
(594, 181, 84, 638, 45000),
(595, 181, 84, 639, 45000),
(596, 181, 87, 640, 45000),
(597, 182, 87, 641, 45000),
(598, 182, 87, 642, 45000),
(599, 178, 88, 643, 45000),
(600, 179, 88, 644, 45000),
(601, 180, 88, 645, 45000),
(602, 181, 88, 646, 45000),
(603, 182, 89, 647, 45000),
(604, 178, 89, 648, 45000),
(605, 179, 87, 649, 45000),
(606, 180, 89, 650, 45000),
(607, 181, 90, 651, 45000),
(608, 182, 90, 652, 45000),
(609, 178, 90, 653, 45000),
(610, 180, 90, 654, 45000),
(611, 181, 91, 655, 45000),
(612, 182, 91, 656, 45000),
(613, 178, 91, 657, 45000),
(614, 179, 91, 658, 45000),
(615, 179, 92, 659, 45000),
(616, 180, 92, 660, 45000),
(617, 180, 92, 661, 45000),
(618, 181, 92, 662, 45000),
(619, 178, 85, 663, 45000),
(620, 179, 85, 664, 45000),
(621, 180, 85, 665, 45000),
(622, 181, 85, 666, 45000),
(623, 182, 86, 667, 45000),
(624, 178, 86, 668, 45000),
(625, 179, 86, 669, 45000),
(626, 181, 86, 670, 45000),
(627, 182, 83, 671, 45000),
(628, 178, 83, 672, 45000),
(629, 179, 83, 673, 45000),
(630, 180, 83, 674, 45000),
(631, 181, 84, 675, 45000),
(632, 182, 84, 676, 45000),
(633, 181, 84, 677, 45000),
(634, 178, 84, 678, 45000),
(635, 179, 87, 679, 45000),
(636, 180, 87, 680, 45000),
(637, 181, 87, 681, 45000),
(638, 182, 87, 682, 45000),
(639, 178, 88, 683, 45000),
(640, 179, 88, 684, 45000),
(641, 180, 88, 685, 45000),
(642, 181, 87, 686, 45000),
(643, 182, 89, 687, 45000),
(644, 178, 89, 688, 45000),
(645, 179, 89, 689, 45000),
(646, 180, 89, 690, 45000),
(647, 181, 90, 691, 45000),
(648, 182, 90, 692, 45000),
(649, 181, 90, 693, 45000),
(650, 178, 90, 694, 45000),
(651, 178, 91, 695, 45000),
(652, 179, 91, 696, 45000),
(653, 180, 91, 697, 45000),
(654, 181, 91, 698, 45000),
(655, 182, 92, 699, 45000),
(656, 178, 92, 700, 45000),
(657, 179, 92, 701, 45000),
(658, 180, 92, 702, 45000),
(659, 178, 85, 703, 45000),
(660, 179, 85, 704, 45000),
(661, 180, 85, 705, 45000),
(662, 181, 85, 706, 45000),
(663, 182, 86, 707, 45000),
(664, 178, 86, 708, 45000),
(665, 179, 86, 709, 45000),
(666, 180, 86, 710, 45000),
(667, 180, 83, 711, 45000),
(668, 181, 83, 712, 45000),
(669, 182, 83, 713, 45000),
(670, 178, 83, 714, 45000),
(671, 179, 84, 715, 45000),
(672, 180, 84, 716, 45000),
(673, 181, 84, 717, 45000),
(674, 182, 84, 718, 45000),
(675, 178, 87, 719, 45000),
(676, 179, 87, 720, 45000),
(677, 180, 87, 721, 45000),
(678, 181, 87, 722, 45000),
(679, 182, 88, 723, 45000),
(680, 178, 88, 724, 45000),
(681, 179, 88, 725, 45000),
(682, 180, 88, 726, 45000),
(683, 181, 89, 727, 45000),
(684, 182, 89, 728, 45000),
(685, 178, 89, 729, 45000),
(686, 179, 89, 730, 45000),
(687, 180, 90, 731, 45000),
(688, 181, 90, 732, 45000),
(689, 182, 90, 733, 45000),
(690, 178, 90, 734, 45000),
(691, 178, 91, 735, 45000),
(692, 179, 91, 736, 45000),
(693, 180, 91, 737, 45000),
(694, 181, 91, 738, 45000),
(695, 182, 92, 739, 45000),
(696, 178, 92, 740, 45000),
(697, 179, 92, 741, 45000),
(698, 180, 92, 742, 45000),
(699, 178, 85, 743, 45000),
(700, 179, 85, 744, 45000),
(701, 180, 85, 745, 45000),
(702, 181, 85, 746, 45000),
(703, 182, 86, 747, 45000),
(704, 178, 86, 748, 45000),
(705, 179, 86, 749, 45000),
(706, 180, 86, 750, 45000),
(707, 181, 83, 751, 45000),
(708, 182, 83, 752, 45000),
(709, 178, 83, 753, 45000),
(710, 179, 84, 754, 45000),
(711, 180, 84, 755, 45000),
(712, 180, 84, 756, 45000),
(713, 181, 84, 757, 45000),
(714, 179, 87, 758, 45000),
(715, 180, 87, 759, 45000),
(716, 181, 87, 760, 45000),
(717, 182, 87, 761, 45000),
(718, 178, 88, 762, 45000),
(719, 179, 88, 763, 45000),
(720, 180, 88, 764, 45000),
(721, 181, 88, 765, 45000),
(722, 182, 89, 766, 45000),
(723, 178, 89, 767, 45000),
(724, 178, 89, 768, 45000),
(725, 179, 89, 769, 45000),
(726, 180, 90, 770, 45000),
(727, 181, 90, 771, 45000),
(728, 182, 90, 772, 45000),
(729, 179, 90, 773, 45000),
(730, 178, 91, 774, 45000),
(731, 179, 91, 775, 45000),
(732, 180, 91, 776, 45000),
(733, 181, 92, 777, 45000),
(734, 182, 92, 778, 45000),
(735, 179, 92, 779, 45000),
(736, 180, 92, 780, 45000),
(737, 178, 85, 781, 45000),
(738, 179, 85, 782, 45000),
(739, 180, 85, 783, 45000),
(740, 181, 85, 784, 45000),
(741, 182, 86, 785, 45000),
(742, 178, 86, 786, 45000),
(743, 179, 86, 787, 45000),
(744, 180, 86, 788, 45000),
(745, 181, 83, 789, 45000),
(746, 182, 83, 790, 45000),
(747, 178, 83, 791, 45000),
(748, 179, 83, 792, 45000),
(749, 179, 84, 793, 45000),
(750, 179, 84, 794, 45000),
(751, 180, 84, 795, 45000),
(752, 181, 84, 796, 45000),
(753, 182, 87, 797, 45000),
(754, 178, 87, 798, 45000),
(755, 180, 87, 799, 45000),
(756, 181, 87, 800, 45000),
(757, 182, 88, 801, 45000),
(758, 179, 88, 802, 45000),
(759, 180, 88, 803, 45000),
(760, 182, 88, 804, 45000),
(761, 178, 89, 805, 45000),
(762, 179, 89, 806, 45000),
(763, 180, 89, 807, 45000),
(764, 181, 89, 808, 45000),
(765, 182, 90, 809, 45000),
(766, 178, 90, 810, 45000),
(767, 180, 90, 811, 45000),
(768, 181, 90, 812, 45000),
(769, 182, 91, 813, 45000),
(770, 178, 91, 814, 45000),
(771, 179, 91, 815, 45000),
(772, 180, 91, 816, 45000),
(773, 181, 92, 817, 45000),
(774, 182, 92, 818, 45000),
(775, 180, 92, 819, 45000),
(776, 181, 92, 820, 45000),
(778, 179, 85, 822, 45000),
(779, 178, 85, 823, 45000),
(780, 180, 85, 824, 45000),
(781, 181, 85, 825, 45000),
(782, 182, 86, 826, 45000),
(783, 178, 86, 827, 45000),
(784, 180, 86, 828, 45000),
(785, 181, 86, 829, 45000),
(786, 179, 83, 830, 45000),
(787, 180, 83, 831, 45000),
(788, 181, 83, 832, 45000),
(789, 182, 83, 833, 45000),
(790, 178, 84, 834, 45000),
(791, 179, 84, 835, 45000),
(792, 180, 84, 836, 45000),
(793, 181, 84, 837, 45000),
(794, 182, 87, 838, 45000),
(795, 178, 87, 839, 45000),
(796, 179, 87, 840, 45000),
(797, 181, 87, 841, 45000),
(798, 182, 88, 842, 45000),
(799, 180, 88, 843, 45000),
(800, 181, 88, 844, 45000),
(801, 182, 88, 845, 45000);
INSERT INTO "public"."schedules" ("id", "id_movie", "id_room", "id_time", "price") VALUES
(802, 180, 89, 846, 45000),
(803, 181, 89, 847, 45000),
(804, 182, 89, 848, 45000),
(805, 182, 89, 849, 45000),
(806, 178, 90, 850, 45000),
(807, 179, 90, 851, 45000),
(808, 180, 90, 852, 45000),
(809, 181, 90, 853, 45000),
(810, 181, 91, 854, 45000),
(811, 182, 91, 855, 45000),
(812, 178, 91, 856, 45000),
(813, 179, 91, 857, 45000),
(814, 179, 92, 858, 45000),
(815, 179, 92, 859, 45000),
(816, 180, 92, 860, 45000),
(817, 181, 92, 861, 45000),
(818, 180, 85, 862, 45000),
(819, 179, 85, 863, 45000),
(820, 180, 85, 864, 45000),
(821, 181, 85, 865, 45000),
(822, 182, 86, 866, 45000),
(825, 180, 86, 869, 45000),
(826, 181, 86, 870, 45000),
(827, 181, 86, 871, 45000),
(828, 180, 83, 872, 45000),
(829, 181, 83, 873, 45000),
(830, 182, 83, 874, 45000),
(831, 182, 84, 875, 45000),
(832, 180, 84, 876, 45000),
(833, 181, 84, 877, 45000),
(834, 181, 87, 878, 45000),
(835, 180, 87, 879, 45000),
(836, 182, 87, 880, 45000),
(837, 180, 88, 881, 45000),
(838, 181, 88, 882, 45000),
(839, 182, 88, 883, 45000),
(840, 180, 89, 884, 45000),
(841, 181, 89, 885, 45000),
(842, 182, 89, 886, 45000),
(843, 181, 90, 887, 45000),
(844, 180, 90, 888, 45000),
(845, 182, 90, 889, 45000),
(846, 180, 91, 890, 45000),
(847, 181, 91, 891, 45000),
(848, 182, 91, 892, 45000),
(849, 182, 92, 893, 45000),
(850, 181, 92, 894, 45000),
(851, 180, 92, 895, 45000),
(852, 180, 85, 896, 45000),
(853, 181, 85, 897, 45000),
(855, 182, 85, 899, 45000),
(856, 182, 86, 900, 45000),
(857, 181, 86, 901, 45000),
(858, 181, 86, 902, 45000),
(859, 181, 83, 903, 45000),
(860, 182, 83, 904, 45000),
(861, 180, 83, 905, 45000),
(862, 182, 84, 906, 45000),
(863, 182, 84, 907, 45000),
(864, 180, 84, 908, 45000),
(865, 180, 87, 909, 45000),
(866, 181, 87, 910, 45000),
(867, 182, 88, 911, 45000),
(868, 181, 88, 912, 45000),
(869, 180, 88, 913, 45000),
(870, 180, 89, 914, 45000),
(871, 181, 89, 915, 45000),
(872, 182, 89, 916, 45000),
(873, 182, 90, 917, 45000),
(874, 181, 90, 918, 45000),
(875, 181, 90, 919, 45000),
(876, 181, 91, 920, 45000),
(877, 182, 91, 921, 45000),
(878, 180, 91, 922, 45000),
(879, 182, 92, 923, 45000),
(880, 181, 92, 924, 45000),
(881, 180, 92, 925, 45000),
(882, 181, 85, 926, 45000),
(883, 182, 85, 927, 45000),
(884, 182, 86, 928, 45000),
(885, 181, 86, 929, 45000),
(886, 181, 83, 930, 45000),
(887, 181, 83, 931, 45000),
(888, 182, 84, 932, 45000),
(889, 182, 84, 933, 45000),
(890, 181, 87, 934, 45000),
(891, 182, 87, 935, 45000),
(892, 182, 88, 936, 45000),
(893, 181, 88, 937, 45000),
(894, 181, 88, 938, 45000),
(895, 181, 89, 939, 45000),
(896, 182, 89, 940, 45000),
(897, 181, 90, 941, 45000),
(898, 182, 90, 942, 45000),
(899, 181, 91, 943, 45000),
(900, 182, 91, 944, 45000),
(901, 181, 92, 945, 45000),
(902, 181, 92, 946, 45000),
(903, 181, 85, 947, 45000),
(904, 182, 85, 948, 45000),
(905, 182, 86, 949, 45000),
(906, 181, 86, 950, 45000),
(907, 181, 83, 951, 45000),
(908, 182, 83, 952, 45000),
(909, 182, 84, 953, 45000),
(910, 181, 84, 954, 45000),
(911, 181, 87, 955, 45000),
(912, 182, 87, 956, 45000),
(913, 182, 88, 957, 45000),
(914, 182, 88, 958, 45000),
(915, 181, 89, 959, 45000),
(916, 182, 89, 960, 45000),
(917, 182, 90, 961, 45000),
(918, 181, 90, 962, 45000),
(919, 181, 91, 963, 45000),
(920, 182, 91, 964, 45000),
(921, 182, 92, 965, 45000),
(922, 181, 92, 966, 45000),
(923, 182, 85, 967, 45000),
(924, 182, 85, 968, 45000),
(925, 182, 86, 969, 45000),
(926, 182, 83, 970, 45000),
(927, 182, 84, 971, 45000),
(928, 182, 84, 972, 45000),
(929, 182, 87, 973, 45000),
(930, 182, 87, 974, 45000),
(931, 182, 88, 975, 45000),
(932, 182, 89, 976, 45000),
(933, 182, 90, 977, 45000),
(934, 182, 90, 978, 45000),
(935, 182, 91, 979, 45000),
(936, 182, 89, 980, 45000),
(937, 182, 90, 981, 45000),
(938, 182, 91, 982, 45000),
(939, 182, 91, 983, 45000),
(940, 182, 92, 984, 45000);



INSERT INTO "public"."times" ("id", "start_point", "end_point") VALUES
(318, '2021-07-18 10:15:00+07', '2021-07-18 12:09:00+07');
INSERT INTO "public"."times" ("id", "start_point", "end_point") VALUES
(319, '2021-07-18 18:00:00+07', '2021-07-18 19:54:00+07');
INSERT INTO "public"."times" ("id", "start_point", "end_point") VALUES
(320, '2021-07-18 20:30:00+07', '2021-07-18 22:24:00+07');
INSERT INTO "public"."times" ("id", "start_point", "end_point") VALUES
(321, '2021-07-18 11:25:00+07', '2021-07-18 13:13:00+07'),
(322, '2021-07-18 16:30:00+07', '2021-07-18 18:18:00+07'),
(323, '2021-07-18 21:30:00+07', '2021-07-18 23:18:00+07'),
(324, '2021-07-18 10:15:00+07', '2021-07-18 12:09:00+07'),
(325, '2021-07-18 18:00:00+07', '2021-07-18 19:48:00+07'),
(326, '2021-07-18 16:30:00+07', '2021-07-18 18:24:00+07'),
(327, '2021-07-18 21:30:00+07', '2021-07-18 23:18:00+07'),
(328, '2021-07-18 10:15:00+07', '2021-07-18 12:09:00+07'),
(329, '2021-07-18 14:00:00+07', '2021-07-18 15:48:00+07'),
(330, '2021-07-18 18:00:00+07', '2021-07-18 19:54:00+07'),
(331, '2021-07-18 11:25:00+07', '2021-07-18 13:13:00+07'),
(332, '2021-07-18 16:30:00+07', '2021-07-18 18:24:00+07'),
(333, '2021-07-18 19:00:00+07', '2021-07-18 20:48:00+07'),
(334, '2021-07-18 10:15:00+07', '2021-07-18 12:03:00+07'),
(335, '2021-07-18 14:30:00+07', '2021-07-18 16:24:00+07'),
(336, '2021-07-18 20:30:00+07', '2021-07-18 22:18:00+07'),
(337, '2021-07-18 11:25:00+07', '2021-07-18 13:19:00+07'),
(338, '2021-07-18 16:30:00+07', '2021-07-18 18:18:00+07'),
(339, '2021-07-18 21:30:00+07', '2021-07-18 23:24:00+07'),
(340, '2021-07-18 10:02:00+07', '2021-07-18 11:50:00+07'),
(341, '2021-07-18 18:00:00+07', '2021-07-18 19:48:00+07'),
(342, '2021-07-18 11:25:00+07', '2021-07-18 13:19:00+07'),
(343, '2021-07-18 19:00:00+07', '2021-07-18 20:54:00+07'),
(344, '2021-07-19 10:15:00+07', '2021-07-19 12:09:00+07'),
(345, '2021-07-19 14:00:00+07', '2021-07-19 15:48:00+07'),
(346, '2021-07-19 11:25:00+07', '2021-07-19 13:13:00+07'),
(347, '2021-07-19 16:30:00+07', '2021-07-19 18:24:00+07'),
(348, '2021-07-19 14:00:00+07', '2021-07-19 15:48:00+07'),
(349, '2021-07-19 18:00:00+07', '2021-07-19 19:54:00+07'),
(350, '2021-07-19 11:25:00+07', '2021-07-19 13:19:00+07'),
(351, '2021-07-19 16:30:00+07', '2021-07-19 18:18:00+07'),
(352, '2021-07-19 10:15:00+07', '2021-07-19 12:09:00+07'),
(353, '2021-07-19 15:00:00+07', '2021-07-19 16:48:00+07'),
(354, '2021-07-19 11:25:00+07', '2021-07-19 13:13:00+07'),
(355, '2021-07-19 21:30:00+07', '2021-07-19 23:18:00+07'),
(356, '2021-07-19 10:15:00+07', '2021-07-19 12:09:00+07'),
(357, '2021-07-19 14:00:00+07', '2021-07-19 15:48:00+07'),
(358, '2021-07-19 19:00:00+07', '2021-07-19 20:54:00+07'),
(359, '2021-07-19 21:30:00+07', '2021-07-19 23:18:00+07'),
(360, '2021-07-19 11:25:00+07', '2021-07-19 13:13:00+07'),
(361, '2021-07-19 17:25:00+07', '2021-07-19 19:19:00+07'),
(362, '2021-07-19 10:15:00+07', '2021-07-19 12:09:00+07'),
(363, '2021-07-19 18:00:00+07', '2021-07-19 19:48:00+07'),
(364, '2021-07-20 10:15:00+07', '2021-07-20 12:09:00+07'),
(365, '2021-07-20 14:15:00+07', '2021-07-20 16:03:00+07'),
(366, '2021-07-20 20:45:00+07', '2021-07-20 22:53:00+07'),
(367, '2021-07-20 11:25:00+07', '2021-07-20 13:33:00+07'),
(368, '2021-07-20 16:30:00+07', '2021-07-20 18:18:00+07'),
(369, '2021-07-20 19:00:00+07', '2021-07-20 20:54:00+07'),
(370, '2021-07-20 10:25:00+07', '2021-07-20 12:33:00+07'),
(371, '2021-07-20 14:30:00+07', '2021-07-20 16:18:00+07'),
(372, '2021-07-20 20:30:00+07', '2021-07-20 22:24:00+07'),
(373, '2021-07-20 11:25:00+07', '2021-07-20 13:19:00+07'),
(374, '2021-07-20 16:30:00+07', '2021-07-20 18:18:00+07'),
(375, '2021-07-20 21:30:00+07', '2021-07-20 23:38:00+07'),
(376, '2021-07-20 10:15:00+07', '2021-07-20 12:09:00+07'),
(377, '2021-07-20 14:15:00+07', '2021-07-20 16:03:00+07'),
(378, '2021-07-20 20:30:00+07', '2021-07-20 22:38:00+07'),
(379, '2021-07-20 11:25:00+07', '2021-07-20 13:13:00+07'),
(380, '2021-07-20 17:30:00+07', '2021-07-20 19:24:00+07'),
(381, '2021-07-20 21:30:00+07', '2021-07-20 23:38:00+07'),
(382, '2021-07-20 10:15:00+07', '2021-07-20 12:09:00+07'),
(383, '2021-07-20 14:00:00+07', '2021-07-20 15:48:00+07'),
(384, '2021-07-20 18:15:00+07', '2021-07-20 20:23:00+07'),
(385, '2021-07-20 11:25:00+07', '2021-07-20 13:33:00+07'),
(386, '2021-07-20 19:15:00+07', '2021-07-20 21:03:00+07'),
(387, '2021-07-20 21:30:00+07', '2021-07-20 23:24:00+07'),
(388, '2021-07-20 10:15:00+07', '2021-07-20 12:09:00+07'),
(389, '2021-07-20 14:00:00+07', '2021-07-20 15:48:00+07'),
(390, '2021-07-20 18:15:00+07', '2021-07-20 20:23:00+07'),
(391, '2021-07-20 11:25:00+07', '2021-07-20 13:19:00+07'),
(392, '2021-07-20 16:30:00+07', '2021-07-20 18:18:00+07'),
(393, '2021-07-20 21:30:00+07', '2021-07-20 23:38:00+07'),
(394, '2021-07-21 10:15:00+07', '2021-07-21 12:23:00+07'),
(395, '2021-07-21 14:00:00+07', '2021-07-21 15:48:00+07'),
(396, '2021-07-21 18:00:00+07', '2021-07-21 19:54:00+07'),
(397, '2021-07-21 11:25:00+07', '2021-07-21 13:19:00+07'),
(398, '2021-07-21 16:30:00+07', '2021-07-21 18:18:00+07'),
(399, '2021-07-21 19:00:00+07', '2021-07-21 21:08:00+07'),
(400, '2021-07-21 10:25:00+07', '2021-07-21 12:19:00+07'),
(401, '2021-07-21 15:00:00+07', '2021-07-21 16:48:00+07'),
(402, '2021-07-21 20:30:00+07', '2021-07-21 22:38:00+07'),
(403, '2021-07-21 11:02:00+07', '2021-07-21 12:56:00+07'),
(404, '2021-07-21 16:30:00+07', '2021-07-21 18:18:00+07'),
(405, '2021-07-21 21:30:00+07', '2021-07-21 23:38:00+07'),
(406, '2021-07-21 10:15:00+07', '2021-07-21 12:09:00+07'),
(407, '2021-07-21 15:00:00+07', '2021-07-21 16:48:00+07'),
(408, '2021-07-21 20:30:00+07', '2021-07-21 22:38:00+07'),
(409, '2021-07-21 11:25:00+07', '2021-07-21 13:19:00+07'),
(410, '2021-07-21 16:30:00+07', '2021-07-21 18:18:00+07'),
(411, '2021-07-21 21:30:00+07', '2021-07-21 23:38:00+07'),
(412, '2021-07-21 10:15:00+07', '2021-07-21 12:23:00+07'),
(413, '2021-07-21 14:30:00+07', '2021-07-21 16:18:00+07'),
(414, '2021-07-21 20:30:00+07', '2021-07-21 22:24:00+07'),
(415, '2021-07-21 16:30:00+07', '2021-07-21 18:18:00+07'),
(416, '2021-07-21 19:00:00+07', '2021-07-21 20:54:00+07'),
(417, '2021-07-21 21:30:00+07', '2021-07-21 23:38:00+07'),
(418, '2021-07-21 10:15:00+07', '2021-07-21 12:03:00+07'),
(419, '2021-07-21 18:00:00+07', '2021-07-21 19:54:00+07'),
(420, '2021-07-21 20:30:00+07', '2021-07-21 22:38:00+07'),
(421, '2021-07-21 11:25:00+07', '2021-07-21 13:33:00+07'),
(422, '2021-07-21 19:00:00+07', '2021-07-21 20:48:00+07'),
(423, '2021-07-21 20:30:00+07', '2021-07-21 22:24:00+07'),
(424, '2021-07-22 10:15:00+07', '2021-07-22 10:15:00+07'),
(425, '2021-07-22 14:00:00+07', '2021-07-22 16:08:00+07'),
(426, '2021-07-22 18:00:00+07', '2021-07-22 19:48:00+07'),
(427, '2021-07-22 11:25:00+07', '2021-07-22 13:19:00+07'),
(428, '2021-07-22 16:30:00+07', '2021-07-22 18:18:00+07'),
(429, '2021-07-22 19:00:00+07', '2021-07-22 21:08:00+07'),
(430, '2021-07-22 21:30:00+07', '2021-07-22 23:24:00+07'),
(431, '2021-07-22 10:15:00+07', '2021-07-22 12:03:00+07'),
(432, '2021-07-22 14:00:00+07', '2021-07-22 16:08:00+07'),
(433, '2021-07-22 18:00:00+07', '2021-07-22 18:00:00+07'),
(434, '2021-07-22 20:30:00+07', '2021-07-22 22:24:00+07'),
(435, '2021-07-22 11:25:00+07', '2021-07-22 13:33:00+07'),
(436, '2021-07-22 16:30:00+07', '2021-07-22 16:30:00+07'),
(437, '2021-07-22 19:00:00+07', '2021-07-22 20:54:00+07'),
(438, '2021-07-22 21:30:00+07', '2021-07-22 23:18:00+07'),
(439, '2021-07-22 10:15:00+07', '2021-07-22 12:03:00+07'),
(440, '2021-07-22 14:00:00+07', '2021-07-22 16:08:00+07'),
(441, '2021-07-22 18:00:00+07', '2021-07-22 18:00:00+07'),
(442, '2021-07-22 20:30:00+07', '2021-07-22 22:24:00+07'),
(443, '2021-07-22 11:25:00+07', '2021-07-22 13:19:00+07'),
(444, '2021-07-22 16:30:00+07', '2021-07-22 18:18:00+07'),
(445, '2021-07-22 19:15:00+07', '2021-07-22 21:23:00+07'),
(446, '2021-07-22 21:30:00+07', '2021-07-22 21:30:00+07'),
(447, '2021-07-22 10:15:00+07', '2021-07-22 10:15:00+07'),
(448, '2021-07-22 14:00:00+07', '2021-07-22 16:08:00+07'),
(449, '2021-07-22 18:00:00+07', '2021-07-22 19:48:00+07'),
(450, '2021-07-22 20:30:00+07', '2021-07-22 22:24:00+07'),
(451, '2021-07-22 11:25:00+07', '2021-07-22 13:13:00+07'),
(452, '2021-07-22 16:30:00+07', '2021-07-22 18:38:00+07'),
(453, '2021-07-22 19:00:00+07', '2021-07-22 19:00:00+07'),
(454, '2021-07-22 20:30:00+07', '2021-07-22 22:24:00+07'),
(455, '2021-07-22 10:15:00+07', '2021-07-22 10:15:00+07'),
(456, '2021-07-22 14:00:00+07', '2021-07-22 16:08:00+07'),
(457, '2021-07-22 18:45:00+07', '2021-07-22 20:33:00+07'),
(458, '2021-07-22 21:15:00+07', '2021-07-22 23:09:00+07'),
(459, '2021-07-22 11:25:00+07', '2021-07-22 13:19:00+07'),
(460, '2021-07-22 16:30:00+07', '2021-07-22 18:18:00+07'),
(461, '2021-07-22 19:00:00+07', '2021-07-22 21:08:00+07'),
(462, '2021-07-22 21:30:00+07', '2021-07-22 21:30:00+07'),
(463, '2021-07-22 10:15:00+07', '2021-07-22 12:17:00+07'),
(464, '2021-07-23 14:00:00+07', '2021-07-23 14:00:00+07'),
(465, '2021-07-23 18:00:00+07', '2021-07-23 20:08:00+07'),
(466, '2021-07-23 20:30:00+07', '2021-07-23 22:18:00+07'),
(467, '2021-07-23 11:25:00+07', '2021-07-23 13:19:00+07'),
(468, '2021-07-23 16:30:00+07', '2021-07-23 18:18:00+07'),
(469, '2021-07-23 19:15:00+07', '2021-07-23 21:23:00+07'),
(470, '2021-07-23 21:30:00+07', '2021-07-23 23:32:00+07'),
(471, '2021-07-23 10:15:00+07', '2021-07-23 10:15:00+07'),
(472, '2021-07-23 14:15:00+07', '2021-07-23 16:17:00+07'),
(473, '2021-07-23 18:00:00+07', '2021-07-23 19:54:00+07'),
(474, '2021-07-23 20:30:00+07', '2021-07-23 22:18:00+07'),
(475, '2021-07-23 11:25:00+07', '2021-07-23 13:33:00+07'),
(476, '2021-07-23 16:30:00+07', '2021-07-23 16:30:00+07'),
(477, '2021-07-23 19:15:00+07', '2021-07-23 21:17:00+07'),
(478, '2021-07-23 21:30:00+07', '2021-07-23 23:24:00+07'),
(479, '2021-07-23 10:15:00+07', '2021-07-23 12:09:00+07'),
(480, '2021-07-23 14:00:00+07', '2021-07-23 15:48:00+07'),
(481, '2021-07-23 16:30:00+07', '2021-07-23 18:38:00+07'),
(482, '2021-07-23 20:30:00+07', '2021-07-23 20:30:00+07'),
(483, '2021-07-23 11:25:00+07', '2021-07-23 13:27:00+07'),
(484, '2021-07-23 16:30:00+07', '2021-07-23 18:24:00+07'),
(485, '2021-07-23 19:00:00+07', '2021-07-23 20:48:00+07'),
(486, '2021-07-23 21:30:00+07', '2021-07-23 23:38:00+07'),
(487, '2021-07-23 10:15:00+07', '2021-07-23 10:15:00+07'),
(488, '2021-07-23 14:00:00+07', '2021-07-23 16:02:00+07'),
(489, '2021-07-23 18:00:00+07', '2021-07-23 19:54:00+07'),
(490, '2021-07-23 20:30:00+07', '2021-07-23 22:18:00+07'),
(491, '2021-07-23 11:25:00+07', '2021-07-23 11:25:00+07'),
(492, '2021-07-23 16:30:00+07', '2021-07-23 18:32:00+07'),
(493, '2021-07-23 19:00:00+07', '2021-07-23 20:54:00+07'),
(494, '2021-07-23 21:30:00+07', '2021-07-23 23:18:00+07'),
(495, '2021-07-23 10:15:00+07', '2021-07-23 12:23:00+07'),
(496, '2021-07-23 14:00:00+07', '2021-07-23 14:00:00+07'),
(497, '2021-07-23 18:15:00+07', '2021-07-23 18:15:00+07'),
(498, '2021-07-23 20:30:00+07', '2021-07-23 22:32:00+07'),
(499, '2021-07-23 11:25:00+07', '2021-07-23 13:19:00+07'),
(500, '2021-07-23 14:00:00+07', '2021-07-23 15:48:00+07'),
(501, '2021-07-23 18:00:00+07', '2021-07-23 20:08:00+07'),
(502, '2021-07-23 21:30:00+07', '2021-07-23 21:30:00+07'),
(503, '2021-07-24 10:15:00+07', '2021-07-24 10:15:00+07'),
(504, '2021-07-24 14:00:00+07', '2021-07-24 16:02:00+07'),
(505, '2021-07-24 18:00:00+07', '2021-07-24 19:54:00+07'),
(506, '2021-07-24 20:30:00+07', '2021-07-24 22:18:00+07'),
(507, '2021-07-24 11:25:00+07', '2021-07-24 13:33:00+07'),
(508, '2021-07-24 16:30:00+07', '2021-07-24 16:30:00+07'),
(509, '2021-07-24 19:15:00+07', '2021-07-24 21:17:00+07'),
(510, '2021-07-23 21:30:00+07', '2021-07-23 23:24:00+07'),
(511, '2021-07-24 10:15:00+07', '2021-07-24 12:03:00+07'),
(512, '2021-07-24 14:00:00+07', '2021-07-24 16:08:00+07'),
(513, '2021-07-24 16:30:00+07', '2021-07-24 18:38:00+07'),
(514, '2021-07-24 18:00:00+07', '2021-07-24 18:00:00+07'),
(515, '2021-07-24 20:30:00+07', '2021-07-24 22:32:00+07'),
(516, '2021-07-24 11:25:00+07', '2021-07-24 13:19:00+07'),
(517, '2021-07-24 16:30:00+07', '2021-07-24 18:18:00+07'),
(518, '2021-07-24 19:15:00+07', '2021-07-24 21:23:00+07'),
(519, '2021-07-24 21:30:00+07', '2021-07-24 21:30:00+07'),
(520, '2021-07-24 10:15:00+07', '2021-07-24 12:17:00+07'),
(521, '2021-07-24 14:00:00+07', '2021-07-24 15:54:00+07'),
(522, '2021-07-24 18:00:00+07', '2021-07-24 19:48:00+07'),
(523, '2021-07-24 20:30:00+07', '2021-07-24 22:38:00+07'),
(524, '2021-07-24 11:25:00+07', '2021-07-24 11:25:00+07'),
(525, '2021-07-24 16:30:00+07', '2021-07-24 18:32:00+07'),
(526, '2021-07-24 19:00:00+07', '2021-07-24 21:02:00+07'),
(527, '2021-07-24 21:30:00+07', '2021-07-24 23:24:00+07'),
(528, '2021-07-24 10:15:00+07', '2021-07-24 12:03:00+07'),
(529, '2021-07-24 14:00:00+07', '2021-07-24 16:08:00+07'),
(530, '2021-07-24 18:00:00+07', '2021-07-24 18:00:00+07'),
(531, '2021-07-24 20:30:00+07', '2021-07-24 22:32:00+07'),
(532, '2021-07-24 11:25:00+07', '2021-07-24 13:19:00+07'),
(533, '2021-07-24 16:30:00+07', '2021-07-24 18:18:00+07'),
(534, '2021-07-24 19:00:00+07', '2021-07-24 21:08:00+07'),
(535, '2021-07-24 21:30:00+07', '2021-07-24 21:30:00+07'),
(536, '2021-07-24 10:15:00+07', '2021-07-24 12:17:00+07'),
(537, '2021-07-24 14:00:00+07', '2021-07-24 15:54:00+07'),
(538, '2021-07-24 18:00:00+07', '2021-07-24 19:48:00+07'),
(539, '2021-07-24 20:30:00+07', '2021-07-24 20:30:00+07'),
(540, '2021-07-24 11:25:00+07', '2021-07-24 13:27:00+07'),
(541, '2021-07-24 16:30:00+07', '2021-07-24 18:18:00+07'),
(542, '2021-07-24 19:00:00+07', '2021-07-24 20:48:00+07'),
(543, '2021-07-24 21:30:00+07', '2021-07-24 23:38:00+07'),
(544, '2021-07-25 10:15:00+07', '2021-07-25 12:09:00+07'),
(545, '2021-07-25 14:00:00+07', '2021-07-25 15:48:00+07'),
(546, '2021-07-25 16:30:00+07', '2021-07-25 18:38:00+07'),
(547, '2021-07-25 20:30:00+07', '2021-07-25 20:30:00+07'),
(548, '2021-07-25 11:25:00+07', '2021-07-25 13:27:00+07'),
(549, '2021-07-25 16:30:00+07', '2021-07-25 18:24:00+07'),
(550, '2021-07-25 19:15:00+07', '2021-07-25 21:03:00+07'),
(551, '2021-07-25 21:30:00+07', '2021-07-25 23:38:00+07'),
(552, '2021-07-25 10:15:00+07', '2021-07-25 12:23:00+07'),
(553, '2021-07-25 14:30:00+07', '2021-07-25 14:30:00+07'),
(554, '2021-07-25 18:00:00+07', '2021-07-25 20:02:00+07'),
(555, '2021-07-25 20:30:00+07', '2021-07-25 22:24:00+07'),
(556, '2021-07-25 11:25:00+07', '2021-07-25 13:13:00+07'),
(557, '2021-07-25 16:30:00+07', '2021-07-25 18:38:00+07'),
(558, '2021-07-25 19:15:00+07', '2021-07-25 19:15:00+07'),
(559, '2021-07-25 21:30:00+07', '2021-07-25 23:32:00+07'),
(560, '2021-07-25 10:15:00+07', '2021-07-25 12:09:00+07'),
(561, '2021-07-25 14:30:00+07', '2021-07-25 16:18:00+07'),
(562, '2021-07-25 18:15:00+07', '2021-07-25 20:23:00+07'),
(563, '2021-07-25 20:30:00+07', '2021-07-25 20:30:00+07'),
(564, '2021-07-25 11:25:00+07', '2021-07-25 13:27:00+07'),
(565, '2021-07-25 16:30:00+07', '2021-07-25 18:24:00+07'),
(566, '2021-07-25 19:00:00+07', '2021-07-25 20:48:00+07'),
(567, '2021-07-25 21:30:00+07', '2021-07-25 23:38:00+07'),
(568, '2021-07-25 10:15:00+07', '2021-07-25 10:15:00+07'),
(569, '2021-07-25 14:30:00+07', '2021-07-25 16:32:00+07'),
(570, '2021-07-25 18:00:00+07', '2021-07-25 19:54:00+07'),
(571, '2021-07-25 20:30:00+07', '2021-07-25 22:18:00+07'),
(572, '2021-07-25 11:25:00+07', '2021-07-25 11:25:00+07'),
(573, '2021-07-25 16:30:00+07', '2021-07-25 18:32:00+07'),
(574, '2021-07-25 21:30:00+07', '2021-07-25 23:24:00+07'),
(575, '2021-07-25 10:15:00+07', '2021-07-25 12:03:00+07'),
(576, '2021-07-25 14:00:00+07', '2021-07-25 16:08:00+07'),
(577, '2021-07-25 18:00:00+07', '2021-07-25 20:08:00+07'),
(578, '2021-07-25 20:30:00+07', '2021-07-25 20:30:00+07'),
(579, '2021-07-25 11:25:00+07', '2021-07-25 13:27:00+07'),
(580, '2021-07-25 16:30:00+07', '2021-07-25 18:24:00+07'),
(581, '2021-07-25 19:00:00+07', '2021-07-25 20:48:00+07'),
(582, '2021-07-25 21:30:00+07', '2021-07-25 23:38:00+07'),
(585, '2021-07-26 10:15:00+07', '2021-07-26 12:09:00+07'),
(586, '2021-07-26 14:00:00+07', '2021-07-26 15:48:00+07'),
(587, '2021-07-26 18:00:00+07', '2021-07-26 20:08:00+07'),
(588, '2021-07-26 20:30:00+07', '2021-07-26 20:30:00+07'),
(589, '2021-07-26 11:25:00+07', '2021-07-26 13:27:00+07'),
(590, '2021-07-26 16:30:00+07', '2021-07-26 18:24:00+07'),
(591, '2021-07-26 19:15:00+07', '2021-07-26 21:03:00+07'),
(592, '2021-07-26 21:30:00+07', '2021-07-26 23:38:00+07'),
(593, '2021-07-26 10:15:00+07', '2021-07-26 10:15:00+07'),
(594, '2021-07-26 14:15:00+07', '2021-07-26 16:17:00+07'),
(595, '2021-07-26 18:00:00+07', '2021-07-26 19:48:00+07'),
(596, '2021-07-26 20:30:00+07', '2021-07-26 22:38:00+07'),
(597, '2021-07-26 11:25:00+07', '2021-07-26 11:25:00+07'),
(598, '2021-07-26 16:30:00+07', '2021-07-26 18:32:00+07'),
(599, '2021-07-26 19:00:00+07', '2021-07-26 20:54:00+07'),
(600, '2021-07-26 21:30:00+07', '2021-07-26 23:18:00+07'),
(601, '2021-07-26 10:01:00+07', '2021-07-26 12:09:00+07'),
(602, '2021-07-26 14:00:00+07', '2021-07-26 14:00:00+07'),
(603, '2021-07-26 18:00:00+07', '2021-07-26 20:02:00+07'),
(604, '2021-07-26 20:30:00+07', '2021-07-26 22:32:00+07'),
(605, '2021-07-26 11:25:00+07', '2021-07-26 13:19:00+07'),
(606, '2021-07-26 16:30:00+07', '2021-07-26 18:18:00+07'),
(607, '2021-07-26 19:00:00+07', '2021-07-26 21:08:00+07'),
(608, '2021-07-26 21:30:00+07', '2021-07-26 21:30:00+07'),
(609, '2021-07-26 10:15:00+07', '2021-07-26 12:17:00+07'),
(610, '2021-07-26 14:00:00+07', '2021-07-26 15:54:00+07'),
(611, '2021-07-26 18:00:00+07', '2021-07-26 19:48:00+07'),
(612, '2021-07-26 20:30:00+07', '2021-07-26 22:38:00+07'),
(613, '2021-07-26 11:25:00+07', '2021-07-26 11:25:00+07'),
(614, '2021-07-26 16:30:00+07', '2021-07-26 18:32:00+07'),
(615, '2021-07-26 19:00:00+07', '2021-07-26 20:54:00+07'),
(616, '2021-07-26 21:30:00+07', '2021-07-26 23:18:00+07'),
(617, '2021-07-26 10:15:00+07', '2021-07-26 12:23:00+07'),
(618, '2021-07-26 14:00:00+07', '2021-07-26 14:00:00+07'),
(619, '2021-07-26 18:00:00+07', '2021-07-26 20:02:00+07'),
(620, '2021-07-26 20:30:00+07', '2021-07-26 22:32:00+07'),
(621, '2021-07-26 11:25:00+07', '2021-07-26 13:19:00+07'),
(622, '2021-07-26 16:30:00+07', '2021-07-26 18:18:00+07'),
(623, '2021-07-26 19:15:00+07', '2021-07-26 21:23:00+07'),
(624, '2021-07-26 21:30:00+07', '2021-07-26 21:30:00+07'),
(625, '2021-07-27 10:15:00+07', '2021-07-27 12:09:00+07'),
(626, '2021-07-27 14:00:00+07', '2021-07-27 15:48:00+07'),
(627, '2021-07-27 16:30:00+07', '2021-07-27 18:38:00+07'),
(628, '2021-07-27 20:30:00+07', '2021-07-27 20:30:00+07'),
(629, '2021-07-27 11:25:00+07', '2021-07-27 13:27:00+07'),
(630, '2021-07-27 16:30:00+07', '2021-07-27 18:24:00+07'),
(631, '2021-07-27 19:30:00+07', '2021-07-27 21:18:00+07'),
(632, '2021-07-27 21:30:00+07', '2021-07-27 23:38:00+07'),
(633, '2021-07-27 10:15:00+07', '2021-07-27 10:15:00+07'),
(634, '2021-07-27 14:15:00+07', '2021-07-27 16:17:00+07'),
(635, '2021-07-27 18:00:00+07', '2021-07-27 19:54:00+07'),
(636, '2021-07-27 11:25:00+07', '2021-07-27 13:13:00+07'),
(637, '2021-07-27 16:30:00+07', '2021-07-27 18:38:00+07'),
(638, '2021-07-27 19:00:00+07', '2021-07-27 19:00:00+07'),
(639, '2021-07-27 21:30:00+07', '2021-07-27 21:30:00+07'),
(640, '2021-07-27 10:15:00+07', '2021-07-27 10:15:00+07'),
(641, '2021-07-27 18:00:00+07', '2021-07-27 20:02:00+07'),
(642, '2021-07-27 20:30:00+07', '2021-07-27 22:32:00+07'),
(643, '2021-07-27 11:25:00+07', '2021-07-27 13:19:00+07'),
(644, '2021-07-27 16:30:00+07', '2021-07-27 18:18:00+07'),
(645, '2021-07-27 19:15:00+07', '2021-07-27 21:23:00+07'),
(646, '2021-07-27 21:30:00+07', '2021-07-27 21:30:00+07'),
(647, '2021-07-27 10:15:00+07', '2021-07-27 12:17:00+07'),
(648, '2021-07-27 14:00:00+07', '2021-07-27 15:54:00+07'),
(649, '2021-07-27 18:00:00+07', '2021-07-27 19:48:00+07'),
(650, '2021-07-27 20:30:00+07', '2021-07-27 22:38:00+07'),
(651, '2021-07-27 11:25:00+07', '2021-07-27 11:25:00+07'),
(652, '2021-07-27 16:30:00+07', '2021-07-27 18:32:00+07'),
(653, '2021-07-27 19:00:00+07', '2021-07-27 20:54:00+07'),
(654, '2021-07-27 21:30:00+07', '2021-07-27 23:38:00+07'),
(655, '2021-07-27 10:15:00+07', '2021-07-27 10:15:00+07'),
(656, '2021-07-27 14:00:00+07', '2021-07-27 16:02:00+07'),
(657, '2021-07-27 18:00:00+07', '2021-07-27 19:54:00+07'),
(658, '2021-07-27 20:30:00+07', '2021-07-27 22:18:00+07'),
(659, '2021-07-27 11:25:00+07', '2021-07-27 13:13:00+07'),
(660, '2021-07-27 16:30:00+07', '2021-07-27 18:38:00+07'),
(661, '2021-07-27 19:00:00+07', '2021-07-27 21:08:00+07'),
(662, '2021-07-27 21:30:00+07', '2021-07-27 21:30:00+07'),
(663, '2021-07-28 10:15:00+07', '2021-07-28 12:09:00+07'),
(664, '2021-07-28 14:00:00+07', '2021-07-28 15:48:00+07'),
(665, '2021-07-28 18:00:00+07', '2021-07-28 20:08:00+07'),
(666, '2021-07-28 20:30:00+07', '2021-07-28 20:30:00+07'),
(667, '2021-07-28 11:25:00+07', '2021-07-28 13:27:00+07'),
(668, '2021-07-28 16:30:00+07', '2021-07-28 18:24:00+07'),
(669, '2021-07-28 19:00:00+07', '2021-07-28 20:48:00+07'),
(670, '2021-07-28 21:30:00+07', '2021-07-28 21:30:00+07'),
(671, '2021-07-28 10:15:00+07', '2021-07-28 12:17:00+07'),
(672, '2021-07-28 14:00:00+07', '2021-07-28 15:54:00+07'),
(673, '2021-07-28 18:00:00+07', '2021-07-28 19:48:00+07'),
(674, '2021-07-28 20:30:00+07', '2021-07-28 22:38:00+07'),
(675, '2021-07-28 11:25:00+07', '2021-07-28 11:25:00+07'),
(676, '2021-07-28 16:30:00+07', '2021-07-28 18:32:00+07'),
(677, '2021-07-28 19:00:00+07', '2021-07-28 19:00:00+07'),
(678, '2021-07-28 21:30:00+07', '2021-07-28 23:24:00+07'),
(679, '2021-07-28 10:15:00+07', '2021-07-28 12:03:00+07'),
(680, '2021-07-28 14:00:00+07', '2021-07-28 16:08:00+07'),
(681, '2021-07-28 18:00:00+07', '2021-07-28 18:00:00+07'),
(682, '2021-07-28 20:30:00+07', '2021-07-28 22:32:00+07'),
(683, '2021-07-28 11:25:00+07', '2021-07-28 13:19:00+07'),
(684, '2021-07-28 16:30:00+07', '2021-07-28 18:18:00+07'),
(685, '2021-07-28 19:15:00+07', '2021-07-28 21:23:00+07'),
(686, '2021-07-28 21:30:00+07', '2021-07-28 21:30:00+07'),
(687, '2021-07-28 10:15:00+07', '2021-07-28 12:17:00+07'),
(688, '2021-07-28 14:00:00+07', '2021-07-28 15:54:00+07'),
(689, '2021-07-28 18:00:00+07', '2021-07-28 19:48:00+07'),
(690, '2021-07-28 20:30:00+07', '2021-07-28 22:38:00+07'),
(691, '2021-07-28 11:25:00+07', '2021-07-28 11:25:00+07'),
(692, '2021-07-28 16:30:00+07', '2021-07-28 18:32:00+07'),
(693, '2021-07-28 19:15:00+07', '2021-07-28 19:15:00+07'),
(694, '2021-07-28 21:30:00+07', '2021-07-28 23:24:00+07'),
(695, '2021-07-28 10:15:00+07', '2021-07-28 12:09:00+07'),
(696, '2021-07-28 14:00:00+07', '2021-07-28 15:48:00+07'),
(697, '2021-07-28 18:00:00+07', '2021-07-28 20:08:00+07'),
(698, '2021-07-28 20:30:00+07', '2021-07-28 20:30:00+07'),
(699, '2021-07-28 11:25:00+07', '2021-07-28 13:27:00+07'),
(700, '2021-07-28 16:30:00+07', '2021-07-28 18:24:00+07'),
(701, '2021-07-28 19:15:00+07', '2021-07-28 21:03:00+07'),
(702, '2021-07-28 21:30:00+07', '2021-07-28 23:38:00+07'),
(703, '2021-07-29 10:15:00+07', '2021-07-29 12:09:00+07'),
(704, '2021-07-29 14:00:00+07', '2021-07-29 15:48:00+07'),
(705, '2021-07-29 18:00:00+07', '2021-07-29 20:08:00+07'),
(706, '2021-07-29 20:30:00+07', '2021-07-29 20:30:00+07'),
(707, '2021-07-29 11:25:00+07', '2021-07-29 13:27:00+07'),
(708, '2021-07-29 16:30:00+07', '2021-07-29 18:24:00+07'),
(709, '2021-07-29 19:00:00+07', '2021-07-29 20:48:00+07'),
(710, '2021-07-29 21:30:00+07', '2021-07-29 23:38:00+07'),
(711, '2021-07-29 10:15:00+07', '2021-07-29 12:23:00+07'),
(712, '2021-07-29 14:00:00+07', '2021-07-29 14:00:00+07'),
(713, '2021-07-29 18:00:00+07', '2021-07-29 20:02:00+07'),
(714, '2021-07-29 20:30:00+07', '2021-07-29 22:24:00+07'),
(715, '2021-07-29 11:25:00+07', '2021-07-29 13:13:00+07'),
(716, '2021-07-29 16:30:00+07', '2021-07-29 18:38:00+07'),
(717, '2021-07-29 19:00:00+07', '2021-07-29 19:00:00+07'),
(718, '2021-07-29 21:30:00+07', '2021-07-29 23:32:00+07'),
(719, '2021-07-29 10:15:00+07', '2021-07-29 12:09:00+07'),
(720, '2021-07-29 14:00:00+07', '2021-07-29 15:48:00+07'),
(721, '2021-07-29 18:00:00+07', '2021-07-29 20:08:00+07'),
(722, '2021-07-29 20:30:00+07', '2021-07-29 20:30:00+07'),
(723, '2021-07-29 11:25:00+07', '2021-07-29 13:27:00+07'),
(724, '2021-07-29 16:30:00+07', '2021-07-29 18:24:00+07'),
(725, '2021-07-29 19:15:00+07', '2021-07-29 21:03:00+07'),
(726, '2021-07-29 21:30:00+07', '2021-07-29 23:38:00+07'),
(727, '2021-07-29 10:15:00+07', '2021-07-29 10:15:00+07'),
(728, '2021-07-29 14:00:00+07', '2021-07-29 16:02:00+07'),
(729, '2021-07-29 18:00:00+07', '2021-07-29 19:54:00+07'),
(730, '2021-07-29 20:30:00+07', '2021-07-29 22:18:00+07'),
(731, '2021-07-29 11:25:00+07', '2021-07-29 13:33:00+07'),
(732, '2021-07-29 16:30:00+07', '2021-07-29 16:30:00+07'),
(733, '2021-07-29 19:15:00+07', '2021-07-29 21:17:00+07'),
(734, '2021-07-29 21:30:00+07', '2021-07-29 23:24:00+07'),
(735, '2021-07-29 10:15:00+07', '2021-07-29 12:09:00+07'),
(736, '2021-07-29 14:00:00+07', '2021-07-29 15:48:00+07'),
(737, '2021-07-29 18:00:00+07', '2021-07-29 20:08:00+07'),
(738, '2021-07-29 20:30:00+07', '2021-07-29 20:30:00+07'),
(739, '2021-07-29 11:25:00+07', '2021-07-29 13:27:00+07'),
(740, '2021-07-29 16:30:00+07', '2021-07-29 18:24:00+07'),
(741, '2021-07-29 19:15:00+07', '2021-07-29 21:03:00+07'),
(742, '2021-07-29 21:30:00+07', '2021-07-29 23:38:00+07'),
(743, '2021-07-30 10:15:00+07', '2021-07-30 12:09:00+07'),
(744, '2021-07-30 14:00:00+07', '2021-07-30 15:48:00+07'),
(745, '2021-07-30 18:00:00+07', '2021-07-30 20:08:00+07'),
(746, '2021-07-30 20:30:00+07', '2021-07-30 20:30:00+07'),
(747, '2021-07-30 11:25:00+07', '2021-07-30 13:27:00+07'),
(748, '2021-07-30 16:30:00+07', '2021-07-30 18:24:00+07'),
(749, '2021-07-30 19:15:00+07', '2021-07-30 21:03:00+07'),
(750, '2021-07-30 21:30:00+07', '2021-07-30 23:38:00+07'),
(751, '2021-07-30 10:15:00+07', '2021-07-30 10:15:00+07'),
(752, '2021-07-30 14:00:00+07', '2021-07-30 16:02:00+07'),
(753, '2021-07-30 20:30:00+07', '2021-07-30 22:24:00+07'),
(754, '2021-07-30 11:25:00+07', '2021-07-30 13:13:00+07'),
(755, '2021-07-30 16:30:00+07', '2021-07-30 18:38:00+07'),
(756, '2021-07-30 19:15:00+07', '2021-07-30 21:23:00+07'),
(757, '2021-07-30 21:30:00+07', '2021-07-30 21:30:00+07'),
(758, '2021-07-30 10:15:00+07', '2021-07-30 12:03:00+07'),
(759, '2021-07-30 14:00:00+07', '2021-07-30 16:08:00+07'),
(760, '2021-07-30 18:00:00+07', '2021-07-30 18:00:00+07'),
(761, '2021-07-30 20:30:00+07', '2021-07-30 22:32:00+07'),
(762, '2021-07-30 11:25:00+07', '2021-07-30 13:19:00+07'),
(763, '2021-07-30 16:30:00+07', '2021-07-30 18:18:00+07'),
(764, '2021-07-30 19:15:00+07', '2021-07-30 21:23:00+07'),
(765, '2021-07-30 21:30:00+07', '2021-07-30 21:30:00+07'),
(766, '2021-07-30 10:15:00+07', '2021-07-30 12:17:00+07'),
(767, '2021-07-30 14:00:00+07', '2021-07-30 15:54:00+07'),
(768, '2021-07-30 18:00:00+07', '2021-07-30 19:54:00+07'),
(769, '2021-07-30 20:30:00+07', '2021-07-30 22:18:00+07'),
(770, '2021-07-30 11:25:00+07', '2021-07-30 13:33:00+07'),
(771, '2021-07-30 16:30:00+07', '2021-07-30 16:30:00+07'),
(772, '2021-07-30 19:00:00+07', '2021-07-30 21:02:00+07'),
(773, '2021-07-30 21:30:00+07', '2021-07-30 23:18:00+07'),
(774, '2021-07-30 10:15:00+07', '2021-07-30 12:09:00+07'),
(775, '2021-07-30 14:00:00+07', '2021-07-30 15:48:00+07'),
(776, '2021-07-30 20:30:00+07', '2021-07-30 22:38:00+07'),
(777, '2021-07-30 11:25:00+07', '2021-07-30 11:25:00+07'),
(778, '2021-07-30 15:30:00+07', '2021-07-30 17:32:00+07'),
(779, '2021-07-30 19:00:00+07', '2021-07-30 20:48:00+07'),
(780, '2021-07-30 21:30:00+07', '2021-07-30 23:38:00+07'),
(781, '2021-07-31 10:15:00+07', '2021-07-31 12:09:00+07'),
(782, '2021-07-31 14:00:00+07', '2021-07-31 15:48:00+07'),
(783, '2021-07-31 18:00:00+07', '2021-07-31 20:08:00+07'),
(784, '2021-07-31 20:30:00+07', '2021-07-31 20:30:00+07'),
(785, '2021-07-31 11:25:00+07', '2021-07-31 13:27:00+07'),
(786, '2021-07-31 16:30:00+07', '2021-07-31 18:24:00+07'),
(787, '2021-07-31 19:00:00+07', '2021-07-31 20:48:00+07'),
(788, '2021-07-31 21:30:00+07', '2021-07-31 23:38:00+07'),
(789, '2021-07-31 10:15:00+07', '2021-07-31 10:15:00+07'),
(790, '2021-07-31 14:30:00+07', '2021-07-31 16:32:00+07'),
(791, '2021-07-31 18:00:00+07', '2021-07-31 19:54:00+07'),
(792, '2021-07-31 20:30:00+07', '2021-07-31 22:18:00+07'),
(793, '2021-07-31 11:25:00+07', '2021-07-31 13:13:00+07'),
(794, '2021-07-31 16:30:00+07', '2021-07-31 18:18:00+07'),
(795, '2021-07-31 19:15:00+07', '2021-07-31 21:23:00+07'),
(796, '2021-07-31 21:30:00+07', '2021-07-31 21:30:00+07'),
(797, '2021-07-31 10:15:00+07', '2021-07-31 12:17:00+07'),
(798, '2021-07-31 14:00:00+07', '2021-07-31 15:54:00+07'),
(799, '2021-07-31 16:30:00+07', '2021-07-31 18:38:00+07'),
(800, '2021-07-31 20:00:00+07', '2021-07-31 20:00:00+07'),
(801, '2021-07-31 11:25:00+07', '2021-07-31 13:27:00+07'),
(802, '2021-07-31 16:30:00+07', '2021-07-31 18:18:00+07'),
(803, '2021-07-31 19:15:00+07', '2021-07-31 21:23:00+07'),
(804, '2021-07-31 21:30:00+07', '2021-07-31 23:32:00+07'),
(805, '2021-07-31 10:15:00+07', '2021-07-31 12:09:00+07'),
(806, '2021-07-31 14:30:00+07', '2021-07-31 16:18:00+07'),
(807, '2021-07-31 18:15:00+07', '2021-07-31 20:23:00+07'),
(808, '2021-07-31 20:30:00+07', '2021-07-31 20:30:00+07'),
(809, '2021-07-31 11:25:00+07', '2021-07-31 13:27:00+07'),
(810, '2021-07-31 16:30:00+07', '2021-07-31 18:24:00+07'),
(811, '2021-07-31 19:15:00+07', '2021-07-31 21:23:00+07'),
(812, '2021-07-31 21:30:00+07', '2021-07-31 21:30:00+07'),
(813, '2021-07-31 10:15:00+07', '2021-07-31 12:17:00+07'),
(814, '2021-07-31 14:30:00+07', '2021-07-31 16:24:00+07'),
(815, '2021-07-31 18:15:00+07', '2021-07-31 20:03:00+07'),
(816, '2021-07-31 20:30:00+07', '2021-07-31 22:38:00+07'),
(817, '2021-07-31 11:25:00+07', '2021-07-31 11:25:00+07'),
(818, '2021-07-31 16:30:00+07', '2021-07-31 18:32:00+07'),
(819, '2021-07-31 19:15:00+07', '2021-07-31 21:23:00+07'),
(820, '2021-07-31 21:30:00+07', '2021-07-31 21:30:00+07'),
(822, '2021-08-01 10:15:00+07', '2021-08-01 12:03:00+07'),
(823, '2021-08-01 14:30:00+07', '2021-08-01 16:24:00+07'),
(824, '2021-08-01 18:00:00+07', '2021-08-01 20:08:00+07'),
(825, '2021-08-01 20:30:00+07', '2021-08-01 20:30:00+07'),
(826, '2021-08-01 11:25:00+07', '2021-08-01 13:27:00+07'),
(827, '2021-08-01 16:30:00+07', '2021-08-01 18:24:00+07'),
(828, '2021-08-01 19:15:00+07', '2021-08-01 21:23:00+07'),
(829, '2021-08-01 21:30:00+07', '2021-08-01 21:30:00+07'),
(830, '2021-08-01 10:15:00+07', '2021-08-01 12:03:00+07'),
(831, '2021-08-01 14:30:00+07', '2021-08-01 16:38:00+07'),
(832, '2021-08-01 18:15:00+07', '2021-08-01 18:15:00+07'),
(833, '2021-08-01 20:30:00+07', '2021-08-01 22:32:00+07'),
(834, '2021-08-01 11:25:00+07', '2021-08-01 13:19:00+07'),
(835, '2021-08-01 16:30:00+07', '2021-08-01 18:18:00+07'),
(836, '2021-08-01 19:15:00+07', '2021-08-01 21:23:00+07'),
(837, '2021-08-01 21:30:00+07', '2021-08-01 21:30:00+07'),
(838, '2021-08-01 10:15:00+07', '2021-08-01 12:17:00+07'),
(839, '2021-08-01 14:30:00+07', '2021-08-01 16:24:00+07'),
(840, '2021-08-01 18:00:00+07', '2021-08-01 19:48:00+07'),
(841, '2021-08-01 20:30:00+07', '2021-08-01 20:30:00+07'),
(842, '2021-08-01 11:25:00+07', '2021-08-01 13:27:00+07'),
(843, '2021-08-01 16:30:00+07', '2021-08-01 18:38:00+07'),
(844, '2021-08-01 19:00:00+07', '2021-08-01 19:00:00+07'),
(845, '2021-08-01 21:30:00+07', '2021-08-01 23:32:00+07'),
(846, '2021-08-01 10:15:00+07', '2021-08-01 12:23:00+07'),
(847, '2021-08-01 14:30:00+07', '2021-08-01 14:30:00+07'),
(848, '2021-08-01 18:00:00+07', '2021-08-01 20:02:00+07'),
(849, '2021-08-01 20:30:00+07', '2021-08-01 22:32:00+07'),
(850, '2021-08-01 11:25:00+07', '2021-08-01 13:19:00+07'),
(851, '2021-08-01 16:30:00+07', '2021-08-01 18:18:00+07'),
(852, '2021-08-01 19:00:00+07', '2021-08-01 21:08:00+07'),
(853, '2021-08-01 21:30:00+07', '2021-08-01 21:30:00+07'),
(854, '2021-08-01 10:15:00+07', '2021-08-01 10:15:00+07'),
(855, '2021-08-01 14:30:00+07', '2021-08-01 16:32:00+07'),
(856, '2021-08-01 18:00:00+07', '2021-08-01 19:54:00+07'),
(857, '2021-08-01 20:30:00+07', '2021-08-01 22:18:00+07'),
(858, '2021-08-01 11:25:00+07', '2021-08-01 13:13:00+07'),
(859, '2021-08-01 16:30:00+07', '2021-08-01 18:18:00+07'),
(860, '2021-08-01 19:15:00+07', '2021-08-01 21:23:00+07'),
(861, '2021-08-01 21:30:00+07', '2021-08-01 21:30:00+07'),
(862, '2021-08-02 10:15:00+07', '2021-08-02 12:23:00+07'),
(863, '2021-08-02 14:30:00+07', '2021-08-02 16:18:00+07'),
(864, '2021-08-02 18:15:00+07', '2021-08-02 20:23:00+07'),
(865, '2021-08-02 20:30:00+07', '2021-08-02 20:30:00+07'),
(866, '2021-08-02 11:25:00+07', '2021-08-02 13:27:00+07'),
(869, '2021-08-02 16:30:00+07', '2021-08-02 18:38:00+07'),
(870, '2021-08-02 19:15:00+07', '2021-08-02 19:15:00+07'),
(871, '2021-08-02 21:30:00+07', '2021-08-02 21:30:00+07'),
(872, '2021-08-02 10:15:00+07', '2021-08-02 12:23:00+07'),
(873, '2021-08-02 15:50:00+07', '2021-08-02 15:50:00+07'),
(874, '2021-08-02 19:45:00+07', '2021-08-02 21:47:00+07'),
(875, '2021-08-02 11:25:00+07', '2021-08-02 13:27:00+07'),
(876, '2021-08-02 16:30:00+07', '2021-08-02 18:38:00+07'),
(877, '2021-08-02 21:30:00+07', '2021-08-02 21:30:00+07'),
(878, '2021-08-02 10:15:00+07', '2021-08-02 10:15:00+07'),
(879, '2021-08-02 16:30:00+07', '2021-08-02 18:38:00+07'),
(880, '2021-08-02 20:15:00+07', '2021-08-02 22:17:00+07'),
(881, '2021-08-02 11:25:00+07', '2021-08-02 13:33:00+07'),
(882, '2021-08-02 15:30:00+07', '2021-08-02 15:30:00+07'),
(883, '2021-08-02 20:00:00+07', '2021-08-02 22:02:00+07'),
(884, '2021-08-02 12:15:00+07', '2021-08-02 14:23:00+07'),
(885, '2021-08-02 15:30:00+07', '2021-08-02 15:30:00+07'),
(886, '2021-08-02 19:30:00+07', '2021-08-02 21:32:00+07'),
(887, '2021-08-02 11:25:00+07', '2021-08-02 11:25:00+07'),
(888, '2021-08-02 15:30:00+07', '2021-08-02 17:38:00+07'),
(889, '2021-08-02 19:30:00+07', '2021-08-02 21:32:00+07'),
(890, '2021-08-02 10:15:00+07', '2021-08-02 12:23:00+07'),
(891, '2021-08-02 14:30:00+07', '2021-08-02 14:30:00+07'),
(892, '2021-08-02 18:30:00+07', '2021-08-02 20:32:00+07'),
(893, '2021-08-02 14:30:00+07', '2021-08-02 16:32:00+07'),
(894, '2021-08-02 18:00:00+07', '2021-08-02 18:00:00+07'),
(895, '2021-08-02 21:30:00+07', '2021-08-02 23:38:00+07'),
(896, '2021-08-03 10:15:00+07', '2021-08-03 12:23:00+07'),
(897, '2021-08-03 15:30:00+07', '2021-08-03 15:30:00+07'),
(899, '2021-08-03 18:00:00+07', '2021-08-03 20:02:00+07'),
(900, '2021-08-03 11:25:00+07', '2021-08-03 13:27:00+07'),
(901, '2021-08-03 15:30:00+07', '2021-08-03 15:30:00+07'),
(902, '2021-08-03 18:15:00+07', '2021-08-03 18:15:00+07'),
(903, '2021-08-03 11:30:00+07', '2021-08-03 11:30:00+07'),
(904, '2021-08-03 16:30:00+07', '2021-08-03 18:32:00+07'),
(905, '2021-08-03 20:30:00+07', '2021-08-03 22:38:00+07'),
(906, '2021-08-03 13:00:00+07', '2021-08-03 15:02:00+07'),
(907, '2021-08-03 16:30:00+07', '2021-08-03 18:32:00+07'),
(908, '2021-08-03 21:30:00+07', '2021-08-03 23:38:00+07'),
(909, '2021-08-03 10:15:00+07', '2021-08-03 12:23:00+07'),
(910, '2021-08-03 16:30:00+07', '2021-08-03 16:30:00+07'),
(911, '2021-08-03 11:25:00+07', '2021-08-03 13:27:00+07'),
(912, '2021-08-03 15:30:00+07', '2021-08-03 15:30:00+07'),
(913, '2021-08-03 20:30:00+07', '2021-08-03 22:38:00+07'),
(914, '2021-08-03 10:30:00+07', '2021-08-03 12:38:00+07'),
(915, '2021-08-03 16:30:00+07', '2021-08-03 16:30:00+07'),
(916, '2021-08-03 21:00:00+07', '2021-08-03 23:02:00+07'),
(917, '2021-08-03 13:00:00+07', '2021-08-03 15:02:00+07'),
(918, '2021-08-03 15:30:00+07', '2021-08-03 15:30:00+07'),
(919, '2021-08-03 20:30:00+07', '2021-08-03 20:30:00+07'),
(920, '2021-08-03 10:30:00+07', '2021-08-03 10:30:00+07'),
(921, '2021-08-03 14:30:00+07', '2021-08-03 16:32:00+07'),
(922, '2021-08-03 20:30:00+07', '2021-08-03 22:38:00+07'),
(923, '2021-08-03 11:02:00+07', '2021-08-03 13:04:00+07'),
(924, '2021-08-03 17:30:00+07', '2021-08-03 17:30:00+07'),
(925, '2021-08-03 21:30:00+07', '2021-08-03 23:38:00+07'),
(926, '2021-08-04 10:15:00+07', '2021-08-04 10:15:00+07'),
(927, '2021-08-04 17:30:00+07', '2021-08-04 19:32:00+07'),
(928, '2021-08-04 11:25:00+07', '2021-08-04 13:27:00+07'),
(929, '2021-08-04 16:30:00+07', '2021-08-04 16:30:00+07'),
(930, '2021-08-04 14:30:00+07', '2021-08-04 14:30:00+07'),
(931, '2021-08-04 19:30:00+07', '2021-08-04 19:30:00+07'),
(932, '2021-08-04 11:25:00+07', '2021-08-04 13:27:00+07'),
(933, '2021-08-04 17:30:00+07', '2021-08-04 19:32:00+07'),
(934, '2021-08-04 14:30:00+07', '2021-08-04 14:30:00+07'),
(935, '2021-08-04 18:30:00+07', '2021-08-04 20:32:00+07'),
(936, '2021-08-04 11:25:00+07', '2021-08-04 13:27:00+07'),
(937, '2021-08-04 11:25:00+07', '2021-08-04 11:25:00+07'),
(938, '2021-08-04 16:30:00+07', '2021-08-04 16:30:00+07'),
(939, '2021-08-04 10:15:00+07', '2021-08-04 10:15:00+07'),
(940, '2021-08-04 15:30:00+07', '2021-08-04 17:32:00+07'),
(941, '2021-08-04 15:00:00+07', '2021-08-04 15:00:00+07'),
(942, '2021-08-04 21:30:00+07', '2021-08-04 23:32:00+07'),
(943, '2021-08-04 10:15:00+07', '2021-08-04 10:15:00+07'),
(944, '2021-08-04 16:30:00+07', '2021-08-04 18:32:00+07'),
(945, '2021-08-04 13:30:00+07', '2021-08-04 13:30:00+07'),
(946, '2021-08-04 18:30:00+07', '2021-08-04 18:30:00+07'),
(947, '2021-08-05 10:15:00+07', '2021-08-05 10:15:00+07'),
(948, '2021-08-05 15:30:00+07', '2021-08-05 17:32:00+07'),
(949, '2021-08-05 16:30:00+07', '2021-08-05 18:32:00+07'),
(950, '2021-08-05 20:30:00+07', '2021-08-05 20:30:00+07'),
(951, '2021-08-05 11:30:00+07', '2021-08-05 11:30:00+07'),
(952, '2021-08-05 17:30:00+07', '2021-08-05 19:32:00+07'),
(953, '2021-08-05 11:25:00+07', '2021-08-05 13:27:00+07'),
(954, '2021-08-05 15:30:00+07', '2021-08-05 15:30:00+07'),
(955, '2021-08-05 11:25:00+07', '2021-08-05 11:25:00+07'),
(956, '2021-08-05 19:00:00+07', '2021-08-05 21:02:00+07'),
(957, '2021-08-05 14:30:00+07', '2021-08-05 16:32:00+07'),
(958, '2021-08-05 21:30:00+07', '2021-08-05 23:32:00+07'),
(959, '2021-08-05 13:00:00+07', '2021-08-05 13:00:00+07'),
(960, '2021-08-05 16:30:00+07', '2021-08-05 18:32:00+07'),
(961, '2021-08-05 11:25:00+07', '2021-08-05 13:27:00+07'),
(962, '2021-08-05 19:15:00+07', '2021-08-05 19:15:00+07'),
(963, '2021-08-05 10:15:00+07', '2021-08-05 10:15:00+07'),
(964, '2021-08-05 14:30:00+07', '2021-08-05 16:32:00+07'),
(965, '2021-08-05 15:30:00+07', '2021-08-05 17:32:00+07'),
(966, '2021-08-05 21:30:00+07', '2021-08-05 21:30:00+07'),
(967, '2021-08-06 10:15:00+07', '2021-08-06 12:17:00+07'),
(968, '2021-08-06 18:30:00+07', '2021-08-06 20:32:00+07'),
(969, '2021-08-06 17:30:00+07', '2021-08-06 19:32:00+07'),
(970, '2021-08-06 16:30:00+07', '2021-08-06 18:32:00+07'),
(971, '2021-08-06 13:30:00+07', '2021-08-06 15:32:00+07'),
(972, '2021-08-06 20:30:00+07', '2021-08-06 22:32:00+07'),
(973, '2021-08-06 11:25:00+07', '2021-08-06 13:27:00+07'),
(974, '2021-08-06 19:30:00+07', '2021-08-06 21:32:00+07'),
(975, '2021-08-06 15:30:00+07', '2021-08-06 17:32:00+07'),
(976, '2021-08-06 13:00:00+07', '2021-08-06 15:02:00+07'),
(977, '2021-08-06 11:25:00+07', '2021-08-06 13:27:00+07'),
(978, '2021-08-06 17:30:00+07', '2021-08-06 19:32:00+07'),
(979, '2021-08-06 10:15:00+07', '2021-08-06 12:17:00+07'),
(980, '2021-08-06 18:30:00+07', '2021-08-06 20:32:00+07'),
(981, '2021-08-06 21:30:00+07', '2021-08-06 23:32:00+07'),
(982, '2021-08-06 14:30:00+07', '2021-08-06 16:32:00+07'),
(983, '2021-08-06 19:30:00+07', '2021-08-06 21:32:00+07'),
(984, '2021-08-06 11:25:00+07', '2021-08-06 13:27:00+07');

INSERT INTO "public"."users" ("id", "email", "password", "name", "phone", "role", "active", "verifyCode") VALUES
(16, 'admin@gmail.com', '$2a$12$sQLo32Zq/dUMFQPQFv3wtOeb137dmjTZPsCgChXH/hQd7ib4POz7i', 'admin', '0963046110', 0, NULL, NULL);
INSERT INTO "public"."users" ("id", "email", "password", "name", "phone", "role", "active", "verifyCode") VALUES
(18, 'nn23538425@gmail.com', '$2a$12$LNZxDjKQtO/s2Ookzeh4J.DGRz9iyvncx8phjJ.KCsNuR7M1eTY4e', 'Nguyen Huu Nghia', '0963046110', 1, NULL, NULL);

